Designator,Mid X,Mid Y,Rotation,Layer
C1,231.975,-111.3,0.0,bottom
C10,211.7,-96.2,270.0,bottom
C100,213.4,-84.9,90.0,top
C101,194.4,-98.6,90.0,top
C102,196.8,-98.6,90.0,top
C103,189.0,-90.4,270.0,top
C104,186.8,-90.4,270.0,top
C105,187.6,-107.5,0.0,top
C106,194.0,-120.92,180.0,top
C107,194.0,-119.4,180.0,top
C108,194.0,-117.9,180.0,top
C109,194.0,-116.400001,180.0,top
C11,204.3,-103.5,90.0,top
C110,189.35,-102.725,0.0,top
C111,187.2,-115.0,0.0,top
C112,190.95,-107.425,0.0,top
C12,219.08,-103.6,0.0,bottom
C13,219.5,-107.8,45.0,bottom
C14,216.9,-103.9,0.0,bottom
C15,219.08,-105.1,0.0,bottom
C16,219.1,-104.4,0.0,bottom
C17,221.2,-106.4,90.0,bottom
C18,216.9,-104.75,0.0,bottom
C19,219.0,-106.7,0.0,bottom
C2,232.0,-114.8,270.0,bottom
C20,219.0,-106.0,0.0,bottom
C21,222.2,-108.0,225.0,bottom
C22,219.1,-108.2,45.0,bottom
C23,218.6,-108.7,45.0,bottom
C24,214.076274,-108.823726,135.0,bottom
C25,211.85,-111.4,315.0,bottom
C26,213.1,-100.6,225.0,bottom
C27,211.1,-113.6,270.0,bottom
C28,211.9,-113.6,270.0,bottom
C3,229.5,-114.775,270.0,bottom
C30,235.05,-124.2,90.0,top
C31,199.2,-105.2,90.0,top
C32,211.473726,-111.026274,315.0,bottom
C33,216.8,-106.0,90.0,bottom
C34,215.7,-107.7,0.0,bottom
C35,215.2,-106.28,90.0,bottom
C36,214.0,-105.6,90.0,bottom
C37,216.9,-109.2,0.0,bottom
C38,215.78,-108.4,180.0,bottom
C39,216.8,-107.5,45.0,bottom
C4,231.975,-109.55,0.0,bottom
C40,217.873726,-107.573726,45.0,bottom
C41,217.5,-106.0,90.0,bottom
C42,196.8,-105.2,90.0,top
C43,200.4,-105.2,90.0,top
C44,198.0,-105.2,90.0,top
C45,211.4,-105.6,90.0,bottom
C46,210.6,-105.6,90.0,bottom
C47,212.210002,-105.7,90.0,bottom
C48,208.0,-105.7,90.0,bottom
C49,208.782842,-105.68,90.0,bottom
C5,236.5,-112.825,90.0,bottom
C50,213.01,-105.7,90.0,bottom
C51,221.29,-125.605,90.0,top
C52,222.89,-125.605,90.0,top
C53,224.49,-125.605,90.0,top
C54,226.1,-125.6,90.0,top
C55,222.29,-121.855,270.0,top
C56,229.66,-134.18,0.0,top
C57,229.59,-126.105,0.0,top
C58,229.59,-127.605,0.0,top
C59,233.365,-131.405,270.0,top
C6,238.0,-113.05,90.0,bottom
C60,227.0,-138.0,180.0,top
C61,200.7,-93.4,180.0,top
C62,203.7,-93.4,0.0,top
C63,215.15,-92.25,0.0,top
C64,212.15,-92.25,180.0,top
C65,188.1,-66.8,90.0,top
C66,196.2,-70.375,270.0,top
C67,199.54,-69.385,270.0,top
C68,197.79,-69.41,270.0,top
C69,189.1,-69.54,0.0,top
C7,212.2,-101.3,45.0,bottom
C70,207.2,-102.8,180.0,bottom
C71,193.5,-130.8,180.0,top
C72,190.0,-130.75,180.0,top
C73,197.25,-132.05,180.0,top
C8,209.5,-101.8,0.0,bottom
C89,215.5,-122.0,180.0,top
C9,211.4,-104.0,180.0,bottom
C90,220.3,-129.9,270.0,top
C91,204.4,-110.6,90.0,top
C92,201.9,-111.42,180.0,top
C93,201.9,-109.9,180.0,top
C94,198.275,-111.3,0.0,top
C95,218.725,-90.25,180.0,top
C96,218.725,-88.74,180.0,top
C97,220.075,-85.485,90.0,top
C98,209.3,-91.575,90.0,top
C99,210.3,-84.9,90.0,top
D1,238.0,-119.2,180.0,top
D10,202.95,-139.081,90.0,top
D11,202.95,-136.912,90.0,top
D12,199.15,-136.881,90.0,top
D13,199.15,-139.081,90.0,top
D2,192.6,-66.8,0.0,top
D3,225.8,-73.0,90.0,top
D4,185.781,-131.25,0.0,top
D5,196.7435,-84.65,0.0,top
D6,201.65,-136.856,90.0,top
D7,200.35,-136.881,90.0,top
D8,200.35,-139.056,90.0,top
D9,201.65,-139.056,90.0,top
FL1,197.75,-79.525,0.0,top
FL2,209.2,-138.375,0.0,top
FL3,204.54,-138.38,0.0,top
FL4,206.7,-138.375,0.0,top
IC10,229.965,-129.805,270.0,top
IC11,215.25,-127.75,270.0,top
IC13,222.0,-73.0,90.0,top
IC2,198.5,-74.75,90.0,top
IC3,216.0,-73.0,90.0,top
IC5,235.0,-113.3,270.0,top
IC6,219.0,-73.0,90.0,top
IC7,208.8,-88.25,180.0,top
IC8,188.2,-93.775,0.0,top
IC9,189.0,-111.0,270.0,top
J1,237.995,-95.0,0.0,top
J2,226.7,-60.42,90.0,top
J3,217.23,-135.98,270.0,top
J4,197.5,-60.54125,180.0,top
J5,201.4,-117.4,180.0,top
J6,197.76,-117.4,180.0,top
J7,203.52,-146.0,0.0,top
J8,220.8,-143.59,180.0,top
L1,202.2,-102.712499,90.0,top
L2,202.1,-106.6,270.0,top
L3,203.8,-106.7,90.0,bottom
L4,195.65,-93.975,270.0,top
L5,189.3,-118.9,270.0,top
L6,228.79,-124.03,180.0,top
LED1,224.115,-130.855,270.0,top
LED2,213.675,-78.56,0.0,top
LED3,224.5,-79.2,180.0,top
LED4,223.084947,-88.375,90.0,top
LED5,226.784947,-88.375,90.0,top
LED6,230.184947,-88.425,90.0,top
Q1,232.865,-136.705,270.0,top
Q2,207.3,-70.6,270.0,top
Q3,236.1,-78.9,0.0,top
Q4,236.1,-83.2,0.0,top
Q5,207.25,-78.0,270.0,top
R1,234.5,-119.2,0.0,top
R10,227.365,-129.805,270.0,top
R11,230.465,-136.63,90.0,top
R12,234.24,-134.405,180.0,top
R13,234.965,-136.705,90.0,top
R14,223.89,-121.855,270.0,top
R15,229.665,-132.605,0.0,top
R16,234.89,-131.405,90.0,top
R17,225.1,-136.05,180.0,top
R18,223.75,-93.175,270.0,top
R19,221.99,-93.175,270.0,top
R2,228.5,-112.6,270.0,top
R20,189.075,-72.7,0.0,top
R21,203.25,-66.0,0.0,top
R22,206.5,-66.0,0.0,top
R23,202.0,-78.75,90.0,top
R24,204.5,-82.75,180.0,top
R25,201.25,-69.5,90.0,top
R26,192.0,-79.025,0.0,top
R27,192.5,-69.8,180.0,top
R28,217.75,-78.8,180.0,top
R29,217.725,-80.5,0.0,top
R3,238.05,-124.2,90.0,top
R30,213.6,-80.76,180.0,top
R31,189.6,-66.8,90.0,top
R32,189.075,-71.24,0.0,top
R33,224.475,-81.3,0.0,top
R34,221.1,-80.5,0.0,top
R35,221.1,-78.8,180.0,top
R36,213.25,-98.25,90.0,bottom
R37,213.75,-111.5,270.0,bottom
R38,225.1,-84.8,90.0,top
R39,226.7,-84.8,90.0,top
R40,228.3,-84.8,90.0,top
R41,201.0,-123.675,90.0,top
R42,198.76,-123.655,90.0,top
R45,211.9,-84.9,270.0,top
R47,190.95,-104.425,180.0,top
R48,236.415,-131.405,90.0,top
R49,198.3,-109.8,180.0,top
R5,213.605,-103.79,180.0,bottom
R50,214.9,-84.9,270.0,top
R51,187.8,-98.4,180.0,top
R52,189.4,-100.2,180.0,top
R53,187.9,-96.775,0.0,top
R54,187.6,-106.0,180.0,top
R55,187.6,-104.4,0.0,top
R56,186.4,-111.1,270.0,top
R57,190.95,-105.925,180.0,top
R58,225.5,-121.875,90.0,top
R6,198.275,-108.3,180.0,top
R60,192.0,-76.525,0.0,top
R61,192.0,-74.275,0.0,top
R62,229.0,-73.2,270.0,top
R63,231.51,-73.2,270.0,top
R64,234.02,-73.2,270.0,top
R65,236.53,-73.2,270.0,top
R66,239.04,-73.2,270.0,top
R7,236.55,-124.2,90.0,top
R9,211.6,-115.9,90.0,bottom
S1,188.7,-135.9,180.0,top
S2,189.75,-84.75,180.0,top
U1,204.625,-115.715,90.0,top
U2,218.0,-85.5,90.0,top
U3,191.75,-126.0,180.0,top
U4,216.1,-105.2,0.0,top
Y2,213.5,-90.25,180.0,top
Y3,201.95,-90.65,0.0,top
